geneID,DMLCount,chr,start,end,meth.diff,meth.diff2,meth.diff3,meth.diff4,no.hyper,strand,pvalue,qvalue,Product
111112583,4,NC_035788.1,56052704,56052704,-73.2383068,-56.359259,-51.52091404,-55.73124764,0,+,2.28E-31,7.38E-29,post-GPI attachment to proteins factor 3-like
111119896,4,NC_035781.1,10427643,10427643,63.57848127,-52.08333333,56.36835021,-58.79953275,2,+,4.04E-70,3.60E-66,glyoxalase 3-like
111124297,4,NC_035780.1,31302905,31302905,-60.32893358,-58.28796128,-58.06372118,-60.69487578,0,+,8.47E-18,5.62E-16,zygotic DNA replication licensing factor mcm3-like
111127966,4,NC_035780.1,4288214,4288214,-58.1684492,-52.20979277,67.46308164,-62.04907975,1,+,1.03E-29,2.74E-27,calmodulin-regulated spectrin-associated protein 1-like
111130343,4,NC_035783.1,25304491,25304491,-63.38531514,-78.14726841,-50.60853594,-57.07748627,0,+,3.82E-30,1.07E-27,cytoplasmic dynein 1 heavy chain 1-like
111135225,4,NC_035784.1,52581363,52581363,-72.96226808,50.79365079,-59.67626806,-52.79913969,1,+,5.81E-97,4.83E-92,selenocysteine-specific elongation factor-like