geneID,Product,chr,start,end,meth.diff,pvalue,qvalue,gene.start,gene.end
111103305,EF-hand calcium-binding domain-containing protein 6-like, transcript variant X1,NC_035786.1,42515700,42515700,52.1265851195152,4.67008072690838e-19,3.62972064628559e-17,42515396,42536006
111127966,calmodulin-regulated spectrin-associated protein 1-like,NC_035780.1,4289629,4289629,-52.2097927746195,2.28939540201561e-25,3.75530692871214e-23,4282771,4298209
111127966,calmodulin-regulated spectrin-associated protein 1-like,NC_035780.1,4286287,4286287,67.4630816383394,7.52375071158354e-42,6.25701201644084e-39,4282771,4298209
111127966,calmodulin-regulated spectrin-associated protein 1-like,NC_035780.1,4286803,4286803,-62.0490797546012,3.85745583569328e-16,2.04200767030581e-14,4282771,4298209
111127966,calmodulin-regulated spectrin-associated protein 1-like,NC_035780.1,4288214,4288214,-58.168449197861,1.03297953561797e-29,2.74460576897546e-27,4282771,4298209
111130847,calmodulin-lysine N-methyltransferase-like, transcript variant X3,NC_035783.1,21109546,21109546,53.8412112432533,2.24344601775389e-46,2.7303329434744e-43,21108991,21127572
111130847,calmodulin-lysine N-methyltransferase-like, transcript variant X3,NC_035783.1,21111799,21111799,66.5147025302029,2.913435696093e-22,3.36204555487501e-20,21108991,21127572
111135253,calmodulin-binding transcription activator 1-like, transcript variant X5,NC_035784.1,45928234,45928234,50.0683526999316,2.62534325330101e-49,4.09373718131761e-46,45919632,45962756
