geneID,DMLCount,chr,start,end,meth.diff,strand,pvalue,qvalue,Product
111128212,5,NC_035783.1,21066995,21066995,54.1483516483516,+,2.45092033358069e-74,3.05740552147943e-70,WD repeat-containing protein 81-like
111128212,5,NC_035783.1,21066969,21066969,50.3161050641987,+,5.8442358079457e-60,2.19899914489938e-56,WD repeat-containing protein 81-like
111128212,5,NC_035783.1,21070059,21070059,53.1645569620253,+,4.48124614682595e-37,2.46261654576235e-34,WD repeat-containing protein 81-like
111128212,5,NC_035783.1,21076507,21076507,50.4994722072037,+,1.3173168677658e-47,1.81578959993442e-44,WD repeat-containing protein 81-like
111128212,5,NC_035783.1,21073267,21073267,-50.704037712646,+,7.90578703080902e-45,8.46531330718422e-42,WD repeat-containing protein 81-like
