geneID,chi.squared,df,p.value,adj.p,DML.adj.p,gene.chr,gene.start,gene.end,mRNA.start,mRNA.end,Genbank,mRNALength,Product,Uniprot,GO,meth.diff
111100406,4.39024390243903,1,0.0361451420465622,0.952815106167055,0.97086753052746,NC_035785.1,14557179,14699936,14557179,14699936,XM_022432248.1,142757,uncharacterized LOC111100406,Q8UVD9,GO:0003730; GO:0005634; GO:0005737; GO:0006355; GO:0008298; GO:0010586; GO:0035925; GO:0043488; GO:0045019; GO:0051028; GO:0061014; GO:0061158; GO:0071345,12.463768115942
111101678,4.39024390243903,1,0.0361451420465622,0.952815106167055,0.97086753052746,NC_035785.1,11002100,11029767,11002100,11029767,XM_022434261.1,27667,uncharacterized LOC111101678,Q8JHV9,GO:0005737; GO:0007275; GO:0016740; GO:0043027; GO:0043066; GO:0043154; GO:0046872; GO:0051865,-4.28571428571431
111115963,6.98757763975155,1,0.00820773610734886,0.952815106167055,0.97086753052746,NC_035788.1,75688023,75696061,75688023,75696061,XM_022454893.1,8038,transmembrane protein 19-like,Q0P4L9,GO:0016020; GO:0016021,5.71428571428569
111129929,4.96125000000001,1,0.0259214631865702,0.952815106167055,0.97086753052746,NC_035783.1,22605941,22612356,22605941,22612356,XM_022476476.1,6415,calcineurin subunit B type 1-like,P63100,GO:0004721; GO:0005509; GO:0005829; GO:0006470; GO:0042383,-13.1034482758621
111131769,3.96219512195122,1,0.0465329850745105,0.952815106167055,0.97086753052746,NC_035783.1,23124581,23134715,23124581,23134715,XM_022479473.1,10134,dnaJ-like protein MG002 homolog,Q75VW3,GO:0005524; GO:0005737; GO:0006260; GO:0006457; GO:0008270; GO:0009408; GO:0031072; GO:0051082,5.1932367149758
111138308,6.3219512195122,1,0.0119252335930176,0.952815106167055,0.97086753052746,NC_035784.1,57514435,57515296,57514435,57515296,XM_022490188.1,861,nucleophosmin-like,Q8BUZ3,NA,17.3290598290599
